MRT,Spots
�s�_��,�s�_��Ŭu��,�_��Ϯ��],�a����,���x,�_��Ŭu�ժ��],�_�뤽��
���s,�j�_�L�X�Y,�s���ˡB�j�~�˻P�H���e�ۦ樮�D
�h�L,�h�L�x��,��߬G�c�ժ��|,�����s��a����
�C��,�����s�Ŭu��,���l�q���q�P�G�����x�D�ۦ樮�D,��߻O�W��ǱШ|�],�����s���s��
ԧ����,����B��������B�K�������ۦ樮�D
�j�w�˪L����,�j�w�˪L����
�H�s,�n��s�t-�H�s�ˤs�B�D
�s�s�x,�S�U�s�s�x,�O�_���m�g�Ш|����(��ּd���v���),�ؤ��e�ؤ���
��Ѯc,��Ѯc
����������,����������,��߾��v�ժ��]
���F��,�x�_�����],�Q�s��ж��
�ʪ���,�G��s�t-���n�c�ߪſˤs�B�D,�O�_���߰ʪ���,�����˥��B�k���ۦ樮�D
����,�[������ժ��](�Ȯɥ��]),����X�Y-�̨���,�N���|�Ŭu��,����c
�����s��,�ؤs1914��ƳзN���~���,�O�_��s�u�t(��ذ��s�t)
�O�j��|,���a���Ƴժ��],�G�G�K�M������
�x�_101���@�T,�x�_101
�Q���n��,�S�óժ��]
���s,�x�_���������q,�x�_���N���N�],���I�O�_
��������],��������]
��w,�Ѵ򤽶�
��s,�򶩪e���B�k���ˤ�,�O�_���߬��N�],�j�s�ЫO�w�c
�j�򤽶�,�j�򤽶�
�j��,�O�_���P��
�۵P,�C�P�s�t-�ѥ��j�D�ˤs�B�D
���q,��Ѯc�_����c-���q�q
���,�������
�Q�s,�Q�s�O���c
�_��,�_��媫�]
���w,�����˴��[�ͺA�B�D
��],���n�c
�ۤs,���˥ͬ�����
���],�ۨӤ��ժ��]
